{"cameraMode":{"drawMode":0,"name":"Shaded","section":"Shading Mode"},"sceneLighting":true,"audioPlay":false,"sceneViewState":{"showFog":false,"showMaterialUpdate":false,"showSkybox":false,"showFlares":false,"showImageEffects":false,"showParticleSystems":false},"in2DMode":false,"pivot":{"x":-0.021518392488360406,"y":2.5332350730895998,"z":2.655885934829712},"rotation":{"x":-0.028881050646305085,"y":0.9708660840988159,"z":-0.15657790005207063,"w":-0.1790764033794403},"size":13.12026596069336,"orthographic":true}