{"cameraMode":{"drawMode":0,"name":"Shaded","section":"Shading Mode"},"sceneLighting":true,"audioPlay":false,"sceneViewState":{"showFog":false,"showMaterialUpdate":false,"showSkybox":false,"showFlares":false,"showImageEffects":false,"showParticleSystems":false},"in2DMode":false,"pivot":{"x":1.4729347229003907,"y":0.8568707704544067,"z":-1.9746005535125733},"rotation":{"x":0.10455780476331711,"y":-0.8133582472801209,"z":0.5510917901992798,"w":0.15431764721870423},"size":6.35840368270874,"orthographic":false}