{"cameraMode":{"drawMode":0,"name":"Shaded","section":"Shading Mode"},"sceneLighting":true,"audioPlay":false,"sceneViewState":{"showFog":false,"showMaterialUpdate":false,"showSkybox":false,"showFlares":false,"showImageEffects":false,"showParticleSystems":false},"in2DMode":false,"pivot":{"x":1.0286834239959717,"y":0.4726330041885376,"z":2.0533766746520998},"rotation":{"x":0.08585960417985916,"y":-0.8484422564506531,"z":0.5016867518424988,"w":0.1452046036720276},"size":10.237258911132813,"orthographic":false}