{"cameraMode":{"drawMode":0,"name":"Shaded","section":"Shading Mode"},"sceneLighting":true,"audioPlay":false,"sceneViewState":{"showFog":false,"showMaterialUpdate":false,"showSkybox":false,"showFlares":false,"showImageEffects":false,"showParticleSystems":false},"in2DMode":false,"pivot":{"x":-2.2141075134277345,"y":-0.6049184799194336,"z":-0.5003133416175842},"rotation":{"x":0.06227567791938782,"y":-0.7742405533790588,"z":0.07713238894939423,"w":0.6250791549682617},"size":1.4542055130004883,"orthographic":true}