{"cameraMode":{"drawMode":0,"name":"Shaded","section":"Shading Mode"},"sceneLighting":true,"audioPlay":false,"sceneViewState":{"showFog":false,"showMaterialUpdate":false,"showSkybox":false,"showFlares":false,"showImageEffects":false,"showParticleSystems":false},"in2DMode":false,"pivot":{"x":1.7000000476837159,"y":4.710000038146973,"z":2.197499990463257},"rotation":{"x":-0.0942942202091217,"y":-0.4861017167568207,"z":0.052855685353279117,"w":-0.8671908974647522},"size":5.734343528747559,"orthographic":false}